{"cameraMode":{"drawMode":0,"name":"Shaded","section":"Shading Mode"},"sceneLighting":true,"audioPlay":false,"sceneViewState":{"m_AlwaysRefresh":false,"showFog":false,"showSkybox":true,"showFlares":true,"showImageEffects":true,"showParticleSystems":true,"showVisualEffectGraphs":true,"m_FxEnabled":true},"in2DMode":false,"pivot":{"x":6.369649887084961,"y":2.047142505645752,"z":-0.5448880195617676},"rotation":{"x":0.019985465332865716,"y":-0.7827377319335938,"z":-0.026644621044397355,"w":-0.6219995021820068},"size":3.2369725704193117,"orthographic":false}