{"cameraMode":{"drawMode":0,"name":"Shaded","section":"Shading Mode"},"sceneLighting":true,"audioPlay":false,"sceneViewState":{"m_AlwaysRefresh":false,"showFog":false,"showSkybox":true,"showFlares":true,"showImageEffects":true,"showParticleSystems":true,"showVisualEffectGraphs":true,"m_FxEnabled":true},"in2DMode":false,"pivot":{"x":-1.3329042196273804,"y":1.2803997993469239,"z":0.5211893320083618},"rotation":{"x":-0.1380392462015152,"y":0.07065072655677796,"z":-0.0119774229824543,"w":-0.9883984327316284},"size":0.9623417854309082,"orthographic":false}