{"cameraMode":{"drawMode":0,"name":"Shaded","section":"Shading Mode"},"sceneLighting":true,"audioPlay":false,"sceneViewState":{"m_AlwaysRefresh":false,"showFog":false,"showSkybox":true,"showFlares":true,"showImageEffects":true,"showParticleSystems":true,"showVisualEffectGraphs":true,"m_FxEnabled":true},"in2DMode":false,"pivot":{"x":0.37746891379356387,"y":2.639385938644409,"z":5.139978408813477},"rotation":{"x":-0.011788512580096722,"y":-0.9885239601135254,"z":0.08795379847288132,"w":-0.12608803808689118},"size":0.9623417854309082,"orthographic":false}