{"cameraMode":{"drawMode":0,"name":"Shaded","section":"Shading Mode"},"sceneLighting":false,"audioPlay":false,"sceneViewState":{"m_AlwaysRefresh":false,"showFog":false,"showSkybox":false,"showFlares":true,"showImageEffects":true,"showParticleSystems":true,"showVisualEffectGraphs":true,"m_FxEnabled":true},"in2DMode":false,"pivot":{"x":0.2847045063972473,"y":1.087571382522583,"z":1.6269769668579102},"rotation":{"x":0.000633000279776752,"y":1.0001261234283448,"z":0.026410138234496118,"w":0.013573570176959038},"size":0.5049752593040466,"orthographic":false}